﻿<?xml version="1.0" encoding="utf-8"?>
<deployment>
  <id>31b180a6-730d-45f4-992f-14bc276d78ac</id>
  <author>N/A</author>
  <deployer>OneDeploy</deployer>
  <authorEmail>N/A</authorEmail>
  <message>OneDeploy</message>
  <progress></progress>
  <status>Failed</status>
  <statusText></statusText>
  <lastSuccessEndTime />
  <receivedTime>2025-10-07T21:32:54.1405688Z</receivedTime>
  <startTime>2025-10-07T21:32:55.8968388Z</startTime>
  <endTime>2025-10-07T21:36:00.7174654Z</endTime>
  <complete>True</complete>
  <is_temp>False</is_temp>
  <is_readonly>True</is_readonly>
  <buildSummary />
</deployment>