<step title="Incoming Request" date="2025-10-07T21:14:35.125" instance="2e9614" url="/api/zipdeploy?isAsync=true" method="POST" type="request" pid="820,1,7" Accept="*/*" Host="movieinferno-app.scm.azurewebsites.net" User-Agent="AZURECLI/2.75.0 (MSI)" Accept-Encoding="gzip, deflate" Authorization="Bas..." Cache-Control="no-cache" Content-Type="application/octet-stream" Cookie="ARRAffinity=2e9614b903860387ad41d2d4735570ca0c8b29649a02cb187ad6afea560d5745; ARRAffinitySameSite=2e9614b903860387ad41d2d4735570ca0c8b29649a02cb187ad6afea560d5745" Content-Length="56698391" x-ms-client-request-id="720664ab-a3c2-11f0-a617-00155d0b2350" x-ms-artifact-checksum="458754b8760210ec5d41e9a2cb33ecdc06265738bc43f9462ba5c406e0cbda5d" X-ARR-LOG-ID="720664ab-a3c2-11f0-a617-00155d0b2350" CLIENT-IP="103.5.112.80:37568" X-SITE-DEPLOYMENT-ID="movieinferno-app" WAS-DEFAULT-HOSTNAME="movieinferno-app.scm.azurewebsites.net" X-Forwarded-Proto="https" X-AppService-Proto="https" X-Forwarded-TlsVersion="1.3" X-WAWS-Unencoded-URL="/api/zipdeploy?isAsync=true" X-Client-IP="103.5.112.80" X-Client-Port="37568" >
  <step title="ZipPushDeploy" date="2025-10-07T21:14:35.189" >
    <step title="ZipDeploy. Extract zip." date="2025-10-07T21:14:35.204" /><!-- duration: 7ms -->
    <step title="None repository commit" date="2025-10-07T21:14:35.223" >
      <step title="Commit id: 37c15cdf-f385-4dc6-96d5-f00ec10df1bf" date="2025-10-07T21:14:35.229" Message="N/A" AuthorName="N/A" AuthorEmail="N/A" /><!-- duration: 5ms -->
    </step><!-- duration: 20ms -->
    <step title="Starting PushDeployAsync" date="2025-10-07T21:14:35.250" /><!-- duration: 15ms -->
    <step title="Writing artifact to /tmp/zipdeploy/fc1ac44e-8147-48a9-a2d2-9245cb274c4e.zip" date="2025-10-07T21:14:35.294" >
      <step title="Writing multipart request body to /tmp/zipdeploy/fc1ac44e-8147-48a9-a2d2-9245cb274c4e.zip" date="2025-10-07T21:14:35.303" /><!-- duration: 7ms -->
    </step><!-- duration: 80896ms -->
    <step title="Start deployment in the background" date="2025-10-07T21:15:56.217" >
      <step title="Acquiring Deployment Lock" date="2025-10-07T21:15:56.265" /><!-- duration: 5ms -->
      <step title="Acquired Deployment Lock" date="2025-10-07T21:15:56.311" /><!-- duration: 7ms -->
    </step><!-- duration: 207ms -->
  </step><!-- duration: 81246ms -->
  <step title="Outgoing response" date="2025-10-07T21:15:56.444" type="response" statusCode="202" statusText="Accepted" /><!-- duration: 6ms -->
</step><!-- duration: 81329ms -->
