<step title="BackgroundTrace" date="2025-10-07T21:15:56.224" instance="2e9614" url="/api/zipdeploy" method="POST" >
  <step title="Cleanup Xml Logs" date="2025-10-07T21:15:56.240" /><!-- duration: 10ms -->
  <step title="Creating temporary deployment - FetchDeploymentManager" date="2025-10-07T21:15:56.323" /><!-- duration: 6ms -->
  <step title="Creating temporary deployment" date="2025-10-07T21:15:56.336" /><!-- duration: 80ms -->
  <step title="Performing fetch based deployment" date="2025-10-07T21:15:56.480" >
    <step title="Cleaning up temp folders from previous zip deployments and extracting pushed zip file /tmp/zipdeploy/fc1ac44e-8147-48a9-a2d2-9245cb274c4e.zip (54.07 MB) to /tmp/zipdeploy/extracted" date="2025-10-07T21:15:57.700" >
      <step title="ChmodRecursive Process exited with total time taken in ms: 106" date="2025-10-07T21:15:59.397" /><!-- duration: 8ms -->
    </step><!-- duration: 1711ms -->
    <step title="Deployment timer started" date="2025-10-07T21:16:01.425" >
      <step title="DeploymentManager.Deploy(id:37c15cdf-f385-4dc6-96d5-f00ec10df1bf)" date="2025-10-07T21:16:01.435" >
        <step title="Collecting changeset information" date="2025-10-07T21:16:01.455" /><!-- duration: 102ms -->
        <step title="Updating submodules" date="2025-10-07T21:16:01.569" /><!-- duration: 1158ms -->
        <step title="Determining deployment builder" date="2025-10-07T21:16:02.981" >
          <step title="Builder is BasicBuilder" date="2025-10-07T21:16:02.997" /><!-- duration: 5ms -->
        </step><!-- duration: 27ms -->
        <step title="PreDeployment: context.CleanOutputPath False" date="2025-10-07T21:16:03.064" >
          <step title="PreDeployment: context.OutputPath /home/site/wwwroot" date="2025-10-07T21:16:03.231" >
            <step title="Building" date="2025-10-07T21:16:03.432" >
              <step title="Executing external process" date="2025-10-07T21:16:03.803" type="process" path="starter.sh" arguments="/opt/Kudu/Scripts/parallel_rsync.sh /tmp/zipdeploy/extracted /home/site/wwwroot 8 /tmp/ False True  " /><!-- duration: 12320ms -->
              <step title="Triggering recycle (preview mode disabled)." date="2025-10-07T21:16:16.457" /><!-- duration: 6ms -->
              <step title="Modified file to trigger a restart of the app container." date="2025-10-07T21:16:16.519" /><!-- duration: 6ms -->
              <step title="Skip function trigger and logicapp sync because function is not enabled." date="2025-10-07T21:16:16.533" /><!-- duration: 9ms -->
            </step><!-- duration: 13902ms -->
          </step><!-- duration: 14111ms -->
          <step title="Cleaning up temp files" date="2025-10-07T21:16:17.347" /><!-- duration: 7ms -->
          <step title="Cleaning up temp files" date="2025-10-07T21:16:17.363" /><!-- duration: 512ms -->
          <step title="Reloading status file with latest updates" date="2025-10-07T21:16:17.905" >
            <step title="WebHooksManager.PublishEventAsync: PostDeployment" date="2025-10-07T21:16:17.912" /><!-- duration: 42ms -->
          </step><!-- duration: 56ms -->
          <step title="Cleaning up temporary deployment - fetch deployment was successful" date="2025-10-07T21:16:17.969" /><!-- duration: 7ms -->
        </step><!-- duration: 14988ms -->
      </step><!-- duration: 16666ms -->
