<step title="Incoming Request" date="2025-10-07T21:32:47.762" instance="49d57f" url="/api/publish?type=zip" method="POST" type="request" pid="823,1,5" Accept="*/*" Host="movieinferno-app.scm.azurewebsites.net" User-Agent="AZURECLI/2.75.0 (MSI)" Accept-Encoding="gzip, deflate" Authorization="Bas..." Cache-Control="no-cache" Content-Type="application/octet-stream" Content-Length="1036154" x-ms-client-request-id="067ce803-a3c5-11f0-8f70-00155d0b2350" x-ms-artifact-checksum="82bdbab921d30e9ac64c9d489076506eb70295d0539b3cf3a62025a931834b03" X-ARR-LOG-ID="067ce803-a3c5-11f0-8f70-00155d0b2350" CLIENT-IP="103.5.112.80:48565" X-SITE-DEPLOYMENT-ID="movieinferno-app" WAS-DEFAULT-HOSTNAME="movieinferno-app.scm.azurewebsites.net" X-Forwarded-Proto="https" X-AppService-Proto="https" X-Forwarded-TlsVersion="1.3" X-WAWS-Unencoded-URL="/api/publish?type=zip" X-Client-IP="103.5.112.80" X-Client-Port="48565" >
  <step title="OneDeploy" date="2025-10-07T21:32:49.205" >
    <step title="None repository commit" date="2025-10-07T21:32:49.285" >
      <step title="Commit id: 31b180a6-730d-45f4-992f-14bc276d78ac" date="2025-10-07T21:32:49.305" Message="N/A" AuthorName="N/A" AuthorEmail="N/A" /><!-- duration: 21ms -->
    </step><!-- duration: 62ms -->
    <step title="Starting PushDeployAsync" date="2025-10-07T21:32:49.377" /><!-- duration: 30ms -->
    <step title="Writing artifact to /tmp/zipdeploy/f8f8b4e4-f338-407b-b0b7-457ca7a2d985.zip" date="2025-10-07T21:32:49.516" >
      <step title="Writing multipart request body to /tmp/zipdeploy/f8f8b4e4-f338-407b-b0b7-457ca7a2d985.zip" date="2025-10-07T21:32:49.546" /><!-- duration: 31ms -->
    </step><!-- duration: 262ms -->
    <step title="Attempting to fetch target branch HEAD" date="2025-10-07T21:32:49.930" /><!-- duration: 5ms -->
    <step title="Acquiring Deployment Lock" date="2025-10-07T21:32:49.940" /><!-- duration: 4ms -->
    <step title="Acquired Deployment Lock" date="2025-10-07T21:32:49.988" /><!-- duration: 5ms -->
    <step title="Performing fetch based deployment" date="2025-10-07T21:32:50.001" >
      <step title="Creating temporary deployment" date="2025-10-07T21:32:50.007" /><!-- duration: 97ms -->
      <step title="Releasing Deployment Lock" date="2025-10-07T21:32:51.380" /><!-- duration: 28ms -->
      <step title="Cleaning up temp folders from previous zip deployments and extracting pushed zip file /tmp/zipdeploy/f8f8b4e4-f338-407b-b0b7-457ca7a2d985.zip (0.99 MB) to /tmp/zipdeploy/extracted" date="2025-10-07T21:32:51.571" >
        <step title="ChmodRecursive Process exited with total time taken in ms: 98" date="2025-10-07T21:32:51.898" /><!-- duration: 13ms -->
      </step><!-- duration: 359ms -->
      <step title="None repository commit" date="2025-10-07T21:32:51.969" >
        <step title="Commit id: 31b180a6-730d-45f4-992f-14bc276d78ac" date="2025-10-07T21:32:51.982" Message="OneDeploy" AuthorName="N/A" AuthorEmail="N/A" /><!-- duration: 37ms -->
      </step><!-- duration: 70ms -->
      <step title="Deployment timer started" date="2025-10-07T21:32:54.058" >
        <step title="DeploymentManager.Deploy(id:31b180a6-730d-45f4-992f-14bc276d78ac)" date="2025-10-07T21:32:54.068" >
          <step title="Collecting changeset information" date="2025-10-07T21:32:54.109" /><!-- duration: 97ms -->
          <step title="Updating submodules" date="2025-10-07T21:32:54.215" /><!-- duration: 1259ms -->
          <step title="Determining deployment builder" date="2025-10-07T21:32:56.015" >
            <step title="Builder is OryxBuilder" date="2025-10-07T21:32:56.027" /><!-- duration: 4ms -->
          </step><!-- duration: 21ms -->
          <step title="PreDeployment: context.CleanOutputPath False" date="2025-10-07T21:32:56.111" >
            <step title="PreDeployment: context.OutputPath /home/site/wwwroot" date="2025-10-07T21:32:56.393" >
              <step title="Building" date="2025-10-07T21:32:56.558" >
                <step title="Executing external process" date="2025-10-07T21:32:56.999" type="process" path="bash" arguments="-c &quot;oryx build /tmp/zipdeploy/extracted -o /home/site/wwwroot --platform nodejs --platform-version 20 -p virtualenv_name= --log-file /tmp/build-debug.log  -i /tmp/8de05e9145dd89b -p compress_node_modules=tar-gz | tee /tmp/oryx-build.log ; exit $PIPESTATUS &quot;" >
                  <step title="Cpu: npm install(995,39.110s)+build.sh(874,0.080s)+oryx(851,9.310s)+tee(852,0.000s)+bash(850,0.000s)=total(48.430s)" date="2025-10-07T21:34:46.391" /><!-- duration: 179ms -->
                  <step title="bash: no io activity for 61s, prev-cpu=-1.000s, current-cpu=48.430s" date="2025-10-07T21:34:46.650" /><!-- duration: 12ms -->
                  <step title="Cpu: npm install(995,77.540s)+build.sh(874,0.080s)+oryx(851,9.440s)+tee(852,0.000s)+bash(850,0.000s)=total(87.010s)" date="2025-10-07T21:35:47.322" /><!-- duration: 27ms -->
                  <step title="bash: no io activity for 124s, prev-cpu=48.430s, current-cpu=87.010s" date="2025-10-07T21:35:47.389" /><!-- duration: 28ms -->
                  <step title="Process dump" date="2025-10-07T21:35:58.488" exitCode="1" type="processOutput" /><!-- duration: 13ms -->
                </step><!-- duration: 181516ms -->
                <step title="Error occurred" date="2025-10-07T21:35:58.624" type="error" text="npm notice
npm notice New major version of npm available! 10.8.2 -&gt; 11.6.1
npm notice Changelog: https://github.com/npm/cli/releases/tag/v11.6.1
npm notice To update run: npm install -g npm@11.6.1
npm notice

&gt; Build error occurred
Error: &gt; Couldn&apos;t find any `pages` or `app` directory. Please create one under the project root
    at findPagesDir (/tmp/8de05e9145dd89b/node_modules/next/dist/lib/find-pages-dir.js:42:15)
    at /tmp/8de05e9145dd89b/node_modules/next/dist/build/index.js:406:73
    at async Span.traceAsyncFn (/tmp/8de05e9145dd89b/node_modules/next/dist/trace/trace.js:154:20)
    at async build (/tmp/8de05e9145dd89b/node_modules/next/dist/build/index.js:368:9)
/bin/bash -c &quot;oryx build /tmp/zipdeploy/extracted -o /home/site/wwwroot --platform nodejs --platform-version 20 -p virtualenv_name= --log-file /tmp/build-debug.log  -i /tmp/8de05e9145dd89b -p compress_node_modules=tar-gz | tee /tmp/oryx-build.log ; exit $PIPESTATUS &quot;" stackTrace="   at Kudu.Core.Infrastructure.Executable.ExecuteInternal(ITracer tracer, Func`2 onWriteOutput, Func`2 onWriteError, CancellationToken token, Encoding encoding, String arguments, Object[] args) in /tmp/KuduLite/Kudu.Core/Infrastructure/Executable.cs:line 239
   at Kudu.Core.Infrastructure.Executable.ExecuteWithProgressWriter(ILogger logger, ITracer tracer, CancellationToken token, String arguments, Object[] args) in /tmp/KuduLite/Kudu.Core/Infrastructure/Executable.cs:line 118
   at Kudu.Core.Deployment.Generator.ExternalCommandBuilder.RunCommand(DeploymentContext context, String command, Boolean ignoreManifest, CancellationToken token, String message) in /tmp/KuduLite/Kudu.Core/Deployment/Generator/ExternalCommandBuilder.cs:line 122" /><!-- duration: 9ms -->
                <step title="Error occurred" date="2025-10-07T21:35:58.713" type="error" text="npm notice
npm notice New major version of npm available! 10.8.2 -&gt; 11.6.1
npm notice Changelog: https://github.com/npm/cli/releases/tag/v11.6.1
npm notice To update run: npm install -g npm@11.6.1
npm notice

&gt; Build error occurred
Error: &gt; Couldn&apos;t find any `pages` or `app` directory. Please create one under the project root
    at findPagesDir (/tmp/8de05e9145dd89b/node_modules/next/dist/lib/find-pages-dir.js:42:15)
    at /tmp/8de05e9145dd89b/node_modules/next/dist/build/index.js:406:73
    at async Span.traceAsyncFn (/tmp/8de05e9145dd89b/node_modules/next/dist/trace/trace.js:154:20)
    at async build (/tmp/8de05e9145dd89b/node_modules/next/dist/build/index.js:368:9)
/bin/bash -c &quot;oryx build /tmp/zipdeploy/extracted -o /home/site/wwwroot --platform nodejs --platform-version 20 -p virtualenv_name= --log-file /tmp/build-debug.log  -i /tmp/8de05e9145dd89b -p compress_node_modules=tar-gz | tee /tmp/oryx-build.log ; exit $PIPESTATUS &quot;" stackTrace="   at Kudu.Core.Infrastructure.Executable.ExecuteInternal(ITracer tracer, Func`2 onWriteOutput, Func`2 onWriteError, CancellationToken token, Encoding encoding, String arguments, Object[] args) in /tmp/KuduLite/Kudu.Core/Infrastructure/Executable.cs:line 239
   at Kudu.Core.Infrastructure.Executable.ExecuteWithProgressWriter(ILogger logger, ITracer tracer, CancellationToken token, String arguments, Object[] args) in /tmp/KuduLite/Kudu.Core/Infrastructure/Executable.cs:line 118
   at Kudu.Core.Deployment.Generator.ExternalCommandBuilder.RunCommand(DeploymentContext context, String command, Boolean ignoreManifest, CancellationToken token, String message) in /tmp/KuduLite/Kudu.Core/Deployment/Generator/ExternalCommandBuilder.cs:line 122
   at Kudu.Core.Deployment.Generator.OryxBuilder.RunBuildCommand(IOryxArguments args, DeploymentContext context, CancellationToken token) in /tmp/KuduLite/Kudu.Core/Deployment/Generator/OryxBuilder.cs:line 295
   at Kudu.Core.Deployment.Generator.OryxBuilder.Build(DeploymentContext context, CancellationToken token) in /tmp/KuduLite/Kudu.Core/Deployment/Generator/OryxBuilder.cs:line 136
   at Kudu.Core.Deployment.DeploymentManager.Build(ChangeSet changeSet, ITracer tracer, IDisposable deployStep, IRepository repository, DeploymentInfoBase deploymentInfo, DeploymentAnalytics deploymentAnalytics, Boolean fullBuildByDefault, CancellationToken cancellationToken) in /tmp/KuduLite/Kudu.Core/Deployment/DeploymentManager.cs:line 771" /><!-- duration: 5ms -->
                <step title="Using GenericDeploymentLogParser" date="2025-10-07T21:35:59.276" /><!-- duration: 4ms -->
              </step><!-- duration: 184730ms -->
            </step><!-- duration: 184907ms -->
            <step title="Error occurred" date="2025-10-07T21:36:01.307" type="error" text="npm notice
npm notice New major version of npm available! 10.8.2 -&gt; 11.6.1
npm notice Changelog: https://github.com/npm/cli/releases/tag/v11.6.1
npm notice To update run: npm install -g npm@11.6.1
npm notice

&gt; Build error occurred
Error: &gt; Couldn&apos;t find any `pages` or `app` directory. Please create one under the project root
    at findPagesDir (/tmp/8de05e9145dd89b/node_modules/next/dist/lib/find-pages-dir.js:42:15)
    at /tmp/8de05e9145dd89b/node_modules/next/dist/build/index.js:406:73
    at async Span.traceAsyncFn (/tmp/8de05e9145dd89b/node_modules/next/dist/trace/trace.js:154:20)
    at async build (/tmp/8de05e9145dd89b/node_modules/next/dist/build/index.js:368:9)
/bin/bash -c &quot;oryx build /tmp/zipdeploy/extracted -o /home/site/wwwroot --platform nodejs --platform-version 20 -p virtualenv_name= --log-file /tmp/build-debug.log  -i /tmp/8de05e9145dd89b -p compress_node_modules=tar-gz | tee /tmp/oryx-build.log ; exit $PIPESTATUS &quot;" stackTrace="   at Kudu.Core.Infrastructure.Executable.ExecuteInternal(ITracer tracer, Func`2 onWriteOutput, Func`2 onWriteError, CancellationToken token, Encoding encoding, String arguments, Object[] args) in /tmp/KuduLite/Kudu.Core/Infrastructure/Executable.cs:line 239
   at Kudu.Core.Infrastructure.Executable.ExecuteWithProgressWriter(ILogger logger, ITracer tracer, CancellationToken token, String arguments, Object[] args) in /tmp/KuduLite/Kudu.Core/Infrastructure/Executable.cs:line 118
   at Kudu.Core.Deployment.Generator.ExternalCommandBuilder.RunCommand(DeploymentContext context, String command, Boolean ignoreManifest, CancellationToken token, String message) in /tmp/KuduLite/Kudu.Core/Deployment/Generator/ExternalCommandBuilder.cs:line 122
   at Kudu.Core.Deployment.Generator.OryxBuilder.RunBuildCommand(IOryxArguments args, DeploymentContext context, CancellationToken token) in /tmp/KuduLite/Kudu.Core/Deployment/Generator/OryxBuilder.cs:line 295
   at Kudu.Core.Deployment.Generator.OryxBuilder.Build(DeploymentContext context, CancellationToken token) in /tmp/KuduLite/Kudu.Core/Deployment/Generator/OryxBuilder.cs:line 136
   at Kudu.Core.Deployment.DeploymentManager.Build(ChangeSet changeSet, ITracer tracer, IDisposable deployStep, IRepository repository, DeploymentInfoBase deploymentInfo, DeploymentAnalytics deploymentAnalytics, Boolean fullBuildByDefault, CancellationToken cancellationToken) in /tmp/KuduLite/Kudu.Core/Deployment/DeploymentManager.cs:line 771
   at Kudu.Core.Deployment.DeploymentManager.Build(ChangeSet changeSet, ITracer tracer, IDisposable deployStep, IRepository repository, DeploymentInfoBase deploymentInfo, DeploymentAnalytics deploymentAnalytics, Boolean fullBuildByDefault, CancellationToken cancellationToken) in /tmp/KuduLite/Kudu.Core/Deployment/DeploymentManager.cs:line 840" /><!-- duration: 10ms -->
            <step title="Cleaning up temp files" date="2025-10-07T21:36:01.411" /><!-- duration: 9182ms -->
            <step title="Cleaning up temp files" date="2025-10-07T21:36:10.600" /><!-- duration: 512ms -->
            <step title="Error occurred" date="2025-10-07T21:36:11.148" type="error" text="npm notice
npm notice New major version of npm available! 10.8.2 -&gt; 11.6.1
npm notice Changelog: https://github.com/npm/cli/releases/tag/v11.6.1
npm notice To update run: npm install -g npm@11.6.1
npm notice

&gt; Build error occurred
Error: &gt; Couldn&apos;t find any `pages` or `app` directory. Please create one under the project root
    at findPagesDir (/tmp/8de05e9145dd89b/node_modules/next/dist/lib/find-pages-dir.js:42:15)
    at /tmp/8de05e9145dd89b/node_modules/next/dist/build/index.js:406:73
    at async Span.traceAsyncFn (/tmp/8de05e9145dd89b/node_modules/next/dist/trace/trace.js:154:20)
    at async build (/tmp/8de05e9145dd89b/node_modules/next/dist/build/index.js:368:9)
/bin/bash -c &quot;oryx build /tmp/zipdeploy/extracted -o /home/site/wwwroot --platform nodejs --platform-version 20 -p virtualenv_name= --log-file /tmp/build-debug.log  -i /tmp/8de05e9145dd89b -p compress_node_modules=tar-gz | tee /tmp/oryx-build.log ; exit $PIPESTATUS &quot;" stackTrace="   at Kudu.Core.Infrastructure.Executable.ExecuteInternal(ITracer tracer, Func`2 onWriteOutput, Func`2 onWriteError, CancellationToken token, Encoding encoding, String arguments, Object[] args) in /tmp/KuduLite/Kudu.Core/Infrastructure/Executable.cs:line 239
   at Kudu.Core.Infrastructure.Executable.ExecuteWithProgressWriter(ILogger logger, ITracer tracer, CancellationToken token, String arguments, Object[] args) in /tmp/KuduLite/Kudu.Core/Infrastructure/Executable.cs:line 118
   at Kudu.Core.Deployment.Generator.ExternalCommandBuilder.RunCommand(DeploymentContext context, String command, Boolean ignoreManifest, CancellationToken token, String message) in /tmp/KuduLite/Kudu.Core/Deployment/Generator/ExternalCommandBuilder.cs:line 122
   at Kudu.Core.Deployment.Generator.OryxBuilder.RunBuildCommand(IOryxArguments args, DeploymentContext context, CancellationToken token) in /tmp/KuduLite/Kudu.Core/Deployment/Generator/OryxBuilder.cs:line 295
   at Kudu.Core.Deployment.Generator.OryxBuilder.Build(DeploymentContext context, CancellationToken token) in /tmp/KuduLite/Kudu.Core/Deployment/Generator/OryxBuilder.cs:line 136
   at Kudu.Core.Deployment.DeploymentManager.Build(ChangeSet changeSet, ITracer tracer, IDisposable deployStep, IRepository repository, DeploymentInfoBase deploymentInfo, DeploymentAnalytics deploymentAnalytics, Boolean fullBuildByDefault, CancellationToken cancellationToken) in /tmp/KuduLite/Kudu.Core/Deployment/DeploymentManager.cs:line 771
   at Kudu.Core.Deployment.DeploymentManager.Build(ChangeSet changeSet, ITracer tracer, IDisposable deployStep, IRepository repository, DeploymentInfoBase deploymentInfo, DeploymentAnalytics deploymentAnalytics, Boolean fullBuildByDefault, CancellationToken cancellationToken) in /tmp/KuduLite/Kudu.Core/Deployment/DeploymentManager.cs:line 840
   at Kudu.Core.Deployment.DeploymentManager.DeployAsync(IRepository repository, ChangeSet changeSet, String deployer, Boolean clean, DeploymentInfoBase deploymentInfo, Boolean needFileUpdate, Boolean fullBuildByDefault) in /tmp/KuduLite/Kudu.Core/Deployment/DeploymentManager.cs:line 266" /><!-- duration: 7ms -->
          </step><!-- duration: 195052ms -->
          <step title="Reloading status file with latest updates" date="2025-10-07T21:36:11.215" >
            <step title="WebHooksManager.PublishEventAsync: PostDeployment" date="2025-10-07T21:36:11.228" /><!-- duration: 183ms -->
          </step><!-- duration: 201ms -->
          <step title="Error occurred" date="2025-10-07T21:36:11.420" type="error" text="npm notice
npm notice New major version of npm available! 10.8.2 -&gt; 11.6.1
npm notice Changelog: https://github.com/npm/cli/releases/tag/v11.6.1
npm notice To update run: npm install -g npm@11.6.1
npm notice

&gt; Build error occurred
Error: &gt; Couldn&apos;t find any `pages` or `app` directory. Please create one under the project root
    at findPagesDir (/tmp/8de05e9145dd89b/node_modules/next/dist/lib/find-pages-dir.js:42:15)
    at /tmp/8de05e9145dd89b/node_modules/next/dist/build/index.js:406:73
    at async Span.traceAsyncFn (/tmp/8de05e9145dd89b/node_modules/next/dist/trace/trace.js:154:20)
    at async build (/tmp/8de05e9145dd89b/node_modules/next/dist/build/index.js:368:9)
/bin/bash -c &quot;oryx build /tmp/zipdeploy/extracted -o /home/site/wwwroot --platform nodejs --platform-version 20 -p virtualenv_name= --log-file /tmp/build-debug.log  -i /tmp/8de05e9145dd89b -p compress_node_modules=tar-gz | tee /tmp/oryx-build.log ; exit $PIPESTATUS &quot;" stackTrace="   at Kudu.Core.Infrastructure.Executable.ExecuteInternal(ITracer tracer, Func`2 onWriteOutput, Func`2 onWriteError, CancellationToken token, Encoding encoding, String arguments, Object[] args) in /tmp/KuduLite/Kudu.Core/Infrastructure/Executable.cs:line 239
   at Kudu.Core.Infrastructure.Executable.ExecuteWithProgressWriter(ILogger logger, ITracer tracer, CancellationToken token, String arguments, Object[] args) in /tmp/KuduLite/Kudu.Core/Infrastructure/Executable.cs:line 118
   at Kudu.Core.Deployment.Generator.ExternalCommandBuilder.RunCommand(DeploymentContext context, String command, Boolean ignoreManifest, CancellationToken token, String message) in /tmp/KuduLite/Kudu.Core/Deployment/Generator/ExternalCommandBuilder.cs:line 122
   at Kudu.Core.Deployment.Generator.OryxBuilder.RunBuildCommand(IOryxArguments args, DeploymentContext context, CancellationToken token) in /tmp/KuduLite/Kudu.Core/Deployment/Generator/OryxBuilder.cs:line 295
   at Kudu.Core.Deployment.Generator.OryxBuilder.Build(DeploymentContext context, CancellationToken token) in /tmp/KuduLite/Kudu.Core/Deployment/Generator/OryxBuilder.cs:line 136
   at Kudu.Core.Deployment.DeploymentManager.Build(ChangeSet changeSet, ITracer tracer, IDisposable deployStep, IRepository repository, DeploymentInfoBase deploymentInfo, DeploymentAnalytics deploymentAnalytics, Boolean fullBuildByDefault, CancellationToken cancellationToken) in /tmp/KuduLite/Kudu.Core/Deployment/DeploymentManager.cs:line 771
   at Kudu.Core.Deployment.DeploymentManager.Build(ChangeSet changeSet, ITracer tracer, IDisposable deployStep, IRepository repository, DeploymentInfoBase deploymentInfo, DeploymentAnalytics deploymentAnalytics, Boolean fullBuildByDefault, CancellationToken cancellationToken) in /tmp/KuduLite/Kudu.Core/Deployment/DeploymentManager.cs:line 840
   at Kudu.Core.Deployment.DeploymentManager.DeployAsync(IRepository repository, ChangeSet changeSet, String deployer, Boolean clean, DeploymentInfoBase deploymentInfo, Boolean needFileUpdate, Boolean fullBuildByDefault) in /tmp/KuduLite/Kudu.Core/Deployment/DeploymentManager.cs:line 266" /><!-- duration: 5ms -->
          <step title="Marking deployment as failed and cleaning up the temp deployment" date="2025-10-07T21:36:11.488" /><!-- duration: 5ms -->
        </step><!-- duration: 197614ms -->
      </step><!-- duration: 197705ms -->
      <step title="Error occurred" date="2025-10-07T21:36:11.978" type="error" text="Deployment failed" stackTrace="   at Kudu.Core.Deployment.DeploymentManager.DeployAsync(IRepository repository, ChangeSet changeSet, String deployer, Boolean clean, DeploymentInfoBase deploymentInfo, Boolean needFileUpdate, Boolean fullBuildByDefault) in /tmp/KuduLite/Kudu.Core/Deployment/DeploymentManager.cs:line 307
   at Kudu.Core.Deployment.FetchDeploymentManager.PerformDeployment(DeploymentInfoBase deploymentInfo, IDisposable tempDeployment, ChangeSet tempChangeSet, DeployStatusApiResult updateStatusObj) in /tmp/KuduLite/Kudu.Core/Deployment/FetchDeploymentManager.cs:line 230
   at Kudu.Core.Deployment.FetchDeploymentManager.&lt;&gt;c__DisplayClass17_0.&lt;&lt;FetchDeploy&gt;b__0&gt;d.MoveNext() in /tmp/KuduLite/Kudu.Core/Deployment/FetchDeploymentManager.cs:line 131
--- End of stack trace from previous location ---
   at Kudu.Core.Deployment.FetchDeploymentManager.FetchDeploy(DeploymentInfoBase deployInfo, Boolean asyncRequested, Uri requestUri, String targetBranch) in /tmp/KuduLite/Kudu.Core/Deployment/FetchDeploymentManager.cs:line 124
   at Kudu.Services.Deployment.PushDeploymentController.PushDeployAsync(ArtifactDeploymentInfo deploymentInfo, Boolean isAsync, HttpContext context, JObject requestJson) in /tmp/KuduLite/Kudu.Services/Deployment/PushDeploymentController.cs:line 791
   at Kudu.Services.Deployment.PushDeploymentController.OneDeploy(String type, Boolean async, String path, Nullable`1 restart, Nullable`1 clean, Boolean ignoreStack, Boolean trackDeploymentProgress, Boolean trackStatus, Boolean reset) in /tmp/KuduLite/Kudu.Services/Deployment/PushDeploymentController.cs:line 624
   at Microsoft.AspNetCore.Mvc.Infrastructure.ActionMethodExecutor.TaskOfIActionResultExecutor.Execute(ActionContext actionContext, IActionResultTypeMapper mapper, ObjectMethodExecutor executor, Object controller, Object[] arguments)
   at Microsoft.AspNetCore.Mvc.Infrastructure.ControllerActionInvoker.&lt;InvokeActionMethodAsync&gt;g__Awaited|12_0(ControllerActionInvoker invoker, ValueTask`1 actionResultValueTask)
   at Microsoft.AspNetCore.Mvc.Infrastructure.ControllerActionInvoker.&lt;InvokeNextActionFilterAsync&gt;g__Awaited|10_0(ControllerActionInvoker invoker, Task lastTask, State next, Scope scope, Object state, Boolean isCompleted)
   at Microsoft.AspNetCore.Mvc.Infrastructure.ControllerActionInvoker.Rethrow(ActionExecutedContextSealed context)
   at Microsoft.AspNetCore.Mvc.Infrastructure.ControllerActionInvoker.Next(State&amp; next, Scope&amp; scope, Object&amp; state, Boolean&amp; isCompleted)
   at Microsoft.AspNetCore.Mvc.Infrastructure.ControllerActionInvoker.&lt;InvokeInnerFilterAsync&gt;g__Awaited|13_0(ControllerActionInvoker invoker, Task lastTask, State next, Scope scope, Object state, Boolean isCompleted)
   at Microsoft.AspNetCore.Mvc.Infrastructure.ResourceInvoker.&lt;InvokeNextResourceFilter&gt;g__Awaited|25_0(ResourceInvoker invoker, Task lastTask, State next, Scope scope, Object state, Boolean isCompleted)
   at Microsoft.AspNetCore.Mvc.Infrastructure.ResourceInvoker.Rethrow(ResourceExecutedContextSealed context)
   at Microsoft.AspNetCore.Mvc.Infrastructure.ResourceInvoker.Next(State&amp; next, Scope&amp; scope, Object&amp; state, Boolean&amp; isCompleted)
   at Microsoft.AspNetCore.Mvc.Infrastructure.ResourceInvoker.&lt;InvokeFilterPipelineAsync&gt;g__Awaited|20_0(ResourceInvoker invoker, Task lastTask, State next, Scope scope, Object state, Boolean isCompleted)
   at Microsoft.AspNetCore.Mvc.Infrastructure.ResourceInvoker.&lt;InvokeAsync&gt;g__Awaited|17_0(ResourceInvoker invoker, Task task, IDisposable scope)
   at Microsoft.AspNetCore.Mvc.Infrastructure.ResourceInvoker.&lt;InvokeAsync&gt;g__Awaited|17_0(ResourceInvoker invoker, Task task, IDisposable scope)
   at Microsoft.AspNetCore.Builder.RouterMiddleware.Invoke(HttpContext httpContext)
   at Kudu.Services.Web.Tracing.TraceMiddleware.Invoke(HttpContext context) in /tmp/KuduLite/Kudu.Services.Web/Tracing/TraceMiddleware.cs:line 101" innerText="npm notice
npm notice New major version of npm available! 10.8.2 -&gt; 11.6.1
npm notice Changelog: https://github.com/npm/cli/releases/tag/v11.6.1
npm notice To update run: npm install -g npm@11.6.1
npm notice

&gt; Build error occurred
Error: &gt; Couldn&apos;t find any `pages` or `app` directory. Please create one under the project root
    at findPagesDir (/tmp/8de05e9145dd89b/node_modules/next/dist/lib/find-pages-dir.js:42:15)
    at /tmp/8de05e9145dd89b/node_modules/next/dist/build/index.js:406:73
    at async Span.traceAsyncFn (/tmp/8de05e9145dd89b/node_modules/next/dist/trace/trace.js:154:20)
    at async build (/tmp/8de05e9145dd89b/node_modules/next/dist/build/index.js:368:9)
/bin/bash -c &quot;oryx build /tmp/zipdeploy/extracted -o /home/site/wwwroot --platform nodejs --platform-version 20 -p virtualenv_name= --log-file /tmp/build-debug.log  -i /tmp/8de05e9145dd89b -p compress_node_modules=tar-gz | tee /tmp/oryx-build.log ; exit $PIPESTATUS &quot;" innerStackTrace="   at Kudu.Core.Infrastructure.Executable.ExecuteInternal(ITracer tracer, Func`2 onWriteOutput, Func`2 onWriteError, CancellationToken token, Encoding encoding, String arguments, Object[] args) in /tmp/KuduLite/Kudu.Core/Infrastructure/Executable.cs:line 239
   at Kudu.Core.Infrastructure.Executable.ExecuteWithProgressWriter(ILogger logger, ITracer tracer, CancellationToken token, String arguments, Object[] args) in /tmp/KuduLite/Kudu.Core/Infrastructure/Executable.cs:line 118
   at Kudu.Core.Deployment.Generator.ExternalCommandBuilder.RunCommand(DeploymentContext context, String command, Boolean ignoreManifest, CancellationToken token, String message) in /tmp/KuduLite/Kudu.Core/Deployment/Generator/ExternalCommandBuilder.cs:line 122
   at Kudu.Core.Deployment.Generator.OryxBuilder.RunBuildCommand(IOryxArguments args, DeploymentContext context, CancellationToken token) in /tmp/KuduLite/Kudu.Core/Deployment/Generator/OryxBuilder.cs:line 295
   at Kudu.Core.Deployment.Generator.OryxBuilder.Build(DeploymentContext context, CancellationToken token) in /tmp/KuduLite/Kudu.Core/Deployment/Generator/OryxBuilder.cs:line 136
   at Kudu.Core.Deployment.DeploymentManager.Build(ChangeSet changeSet, ITracer tracer, IDisposable deployStep, IRepository repository, DeploymentInfoBase deploymentInfo, DeploymentAnalytics deploymentAnalytics, Boolean fullBuildByDefault, CancellationToken cancellationToken) in /tmp/KuduLite/Kudu.Core/Deployment/DeploymentManager.cs:line 771
   at Kudu.Core.Deployment.DeploymentManager.Build(ChangeSet changeSet, ITracer tracer, IDisposable deployStep, IRepository repository, DeploymentInfoBase deploymentInfo, DeploymentAnalytics deploymentAnalytics, Boolean fullBuildByDefault, CancellationToken cancellationToken) in /tmp/KuduLite/Kudu.Core/Deployment/DeploymentManager.cs:line 840
   at Kudu.Core.Deployment.DeploymentManager.DeployAsync(IRepository repository, ChangeSet changeSet, String deployer, Boolean clean, DeploymentInfoBase deploymentInfo, Boolean needFileUpdate, Boolean fullBuildByDefault) in /tmp/KuduLite/Kudu.Core/Deployment/DeploymentManager.cs:line 266" /><!-- duration: 13ms -->
      <step title="Incoming Request" date="2025-10-07T21:36:12.080" url="/Error?type=zip" method="POST" type="request" pid="823,1,15" Accept="*/*" Host="movieinferno-app.scm.azurewebsites.net" User-Agent="AZURECLI/2.75.0 (MSI)" Accept-Encoding="gzip, deflate" Authorization="Bas..." Cache-Control="no-cache" Content-Type="application/octet-stream" Content-Length="1036154" x-ms-client-request-id="067ce803-a3c5-11f0-8f70-00155d0b2350" x-ms-artifact-checksum="82bdbab921d30e9ac64c9d489076506eb70295d0539b3cf3a62025a931834b03" X-ARR-LOG-ID="067ce803-a3c5-11f0-8f70-00155d0b2350" CLIENT-IP="103.5.112.80:48565" X-SITE-DEPLOYMENT-ID="movieinferno-app" WAS-DEFAULT-HOSTNAME="movieinferno-app.scm.azurewebsites.net" X-Forwarded-Proto="https" X-AppService-Proto="https" X-Forwarded-TlsVersion="1.3" X-WAWS-Unencoded-URL="/api/publish?type=zip" X-Client-IP="103.5.112.80" X-Client-Port="48565" >
        <step title="Outgoing response" date="2025-10-07T21:36:12.425" type="response" statusCode="400" statusText="BadRequest" /><!-- duration: 4ms -->
      </step><!-- duration: 357ms -->
