﻿<?xml version="1.0" encoding="utf-8"?>
<deployment>
  <id>37c15cdf-f385-4dc6-96d5-f00ec10df1bf</id>
  <author>N/A</author>
  <deployer>Push-Deployer</deployer>
  <authorEmail>N/A</authorEmail>
  <message>Created via a push deployment</message>
  <progress></progress>
  <status>Success</status>
  <statusText></statusText>
  <lastSuccessEndTime>2025-10-07T21:16:16.9329213Z</lastSuccessEndTime>
  <receivedTime>2025-10-07T21:16:01.4875938Z</receivedTime>
  <startTime>2025-10-07T21:16:02.8975856Z</startTime>
  <endTime>2025-10-07T21:16:16.9329213Z</endTime>
  <complete>True</complete>
  <is_temp>False</is_temp>
  <is_readonly>True</is_readonly>
  <buildSummary />
</deployment>